{
	"info": {
		"_postman_id": "7d51df90-c6c7-4871-8ce6-37d33c461c33",
		"name": "monolitic",
		"schema": "https://schema.getpostman.com/json/collection/v2.1.0/collection.json",
		"_exporter_id": "24600118"
	},
	"item": [
		{
			"name": "server-check",
			"request": {
				"method": "GET",
				"header": [],
				"url": {
					"raw": "{{local}}",
					"host": [
						"{{local}}"
					]
				}
			},
			"response": []
		},
		{
			"name": "role",
			"item": [
				{
					"name": "create-role",
					"request": {
						"method": "POST",
						"header": [
							{
								"key": "x-auth-token",
								"value": "{{x-auth-token-admin}}",
								"type": "text"
							}
						],
						"body": {
							"mode": "raw",
							"raw": "{\r\n    \"name\": \"admin\",\r\n    \"description\": \"This role for admin.\"\r\n}",
							"options": {
								"raw": {
									"language": "json"
								}
							}
						},
						"url": {
							"raw": "{{local}}/role",
							"host": [
								"{{local}}"
							],
							"path": [
								"role"
							]
						}
					},
					"response": []
				}
			]
		},
		{
			"name": "user",
			"item": [
				{
					"name": "get-user",
					"event": [
						{
							"listen": "test",
							"script": {
								"exec": [
									""
								],
								"type": "text/javascript"
							}
						}
					],
					"protocolProfileBehavior": {
						"disableBodyPruning": true
					},
					"request": {
						"method": "GET",
						"header": [
							{
								"key": "x-auth-token",
								"value": "{{x-auth-token-admin}}",
								"type": "text"
							}
						],
						"body": {
							"mode": "raw",
							"raw": "",
							"options": {
								"raw": {
									"language": "json"
								}
							}
						},
						"url": {
							"raw": "{{local}}/user",
							"host": [
								"{{local}}"
							],
							"path": [
								"user"
							],
							"query": [
								{
									"key": "_id",
									"value": "111111111111111111111111",
									"disabled": true
								},
								{
									"key": "email",
									"value": "monolitic.admin@yopmail.com",
									"disabled": true
								},
								{
									"key": "firstName",
									"value": "first",
									"disabled": true
								},
								{
									"key": "lastName",
									"value": "last",
									"disabled": true
								},
								{
									"key": "search",
									"value": "search",
									"disabled": true
								},
								{
									"key": "isAll",
									"value": "true",
									"disabled": true
								},
								{
									"key": "page",
									"value": "2",
									"disabled": true
								},
								{
									"key": "limit",
									"value": "10",
									"disabled": true
								},
								{
									"key": "role",
									"value": "admin",
									"disabled": true
								}
							]
						}
					},
					"response": []
				},
				{
					"name": "signup",
					"event": [
						{
							"listen": "prerequest",
							"script": {
								"exec": [
									""
								],
								"type": "text/javascript"
							}
						},
						{
							"listen": "test",
							"script": {
								"exec": [
									"if (pm.response.code === 200) {",
									"    pm.environment.set(\"x-auth-token\", pm.response.json().payload.token)",
									"    if (pm.response.json().payload.role === \"admin\") pm.environment.set(\"x-auth-token-admin\", pm.response.json().payload.token);",
									"    if (pm.response.json().payload.role === \"user\") pm.environment.set(\"x-auth-token-user\", pm.response.json().payload.token);",
									"}"
								],
								"type": "text/javascript"
							}
						}
					],
					"request": {
						"method": "POST",
						"header": [],
						"body": {
							"mode": "raw",
							"raw": "{\r\n    \"email\": \"monolitic.admin@yopmail.com\",\r\n    \"firstName\": \"monolitic\",\r\n    \"lastName\": \"admin\",\r\n    \"password\": \"12345678\",\r\n    \"mobile\": \"1111111111\"  \r\n}",
							"options": {
								"raw": {
									"language": "json"
								}
							}
						},
						"url": {
							"raw": "{{local}}/user/signup",
							"host": [
								"{{local}}"
							],
							"path": [
								"user",
								"signup"
							]
						}
					},
					"response": []
				},
				{
					"name": "signin",
					"event": [
						{
							"listen": "test",
							"script": {
								"exec": [
									"if (pm.response.code === 200) {",
									"    pm.environment.set(\"x-auth-token\", pm.response.json().payload.token)",
									"    if (pm.response.json().payload.role === \"admin\") pm.environment.set(\"x-auth-token-admin\", pm.response.json().payload.token);",
									"    if (pm.response.json().payload.role === \"user\") pm.environment.set(\"x-auth-token-user\", pm.response.json().payload.token);",
									"}"
								],
								"type": "text/javascript"
							}
						}
					],
					"request": {
						"method": "POST",
						"header": [],
						"body": {
							"mode": "raw",
							"raw": "{\r\n    \"email\": \"monolitic.admin@yopmail.com\",\r\n    \"password\": \"12345678\"\r\n}",
							"options": {
								"raw": {
									"language": "json"
								}
							}
						},
						"url": {
							"raw": "{{local}}/user/signin",
							"host": [
								"{{local}}"
							],
							"path": [
								"user",
								"signin"
							]
						}
					},
					"response": []
				},
				{
					"name": "send-otp",
					"event": [
						{
							"listen": "test",
							"script": {
								"exec": [
									""
								],
								"type": "text/javascript"
							}
						}
					],
					"request": {
						"method": "POST",
						"header": [],
						"body": {
							"mode": "raw",
							"raw": "{\r\n    \"email\": \"monolitic.admin@yopmail.com\"\r\n}",
							"options": {
								"raw": {
									"language": "json"
								}
							}
						},
						"url": {
							"raw": "{{local}}/user/send-otp",
							"host": [
								"{{local}}"
							],
							"path": [
								"user",
								"send-otp"
							]
						}
					},
					"response": []
				},
				{
					"name": "verify-otp",
					"event": [
						{
							"listen": "test",
							"script": {
								"exec": [
									"if (pm.response.code === 200) {",
									"    pm.environment.set(\"x-auth-token-verify\", pm.response.json().payload.token)",
									"}"
								],
								"type": "text/javascript"
							}
						}
					],
					"request": {
						"method": "POST",
						"header": [],
						"body": {
							"mode": "raw",
							"raw": "{\r\n    \"email\": \"monolitic.admin@yopmail.com\",\r\n    \"otp\": \"111111\"\r\n}",
							"options": {
								"raw": {
									"language": "json"
								}
							}
						},
						"url": {
							"raw": "{{local}}/user/verify-otp",
							"host": [
								"{{local}}"
							],
							"path": [
								"user",
								"verify-otp"
							]
						}
					},
					"response": []
				},
				{
					"name": "forgot-password",
					"event": [
						{
							"listen": "test",
							"script": {
								"exec": [
									""
								],
								"type": "text/javascript"
							}
						}
					],
					"request": {
						"method": "PUT",
						"header": [
							{
								"key": "x-auth-token",
								"value": "{{x-auth-token-verify}}",
								"type": "text"
							}
						],
						"body": {
							"mode": "raw",
							"raw": "{\r\n    \"password\": \"123\"\r\n}",
							"options": {
								"raw": {
									"language": "json"
								}
							}
						},
						"url": {
							"raw": "{{local}}/user/forgot-password",
							"host": [
								"{{local}}"
							],
							"path": [
								"user",
								"forgot-password"
							]
						}
					},
					"response": []
				},
				{
					"name": "reset-password",
					"event": [
						{
							"listen": "test",
							"script": {
								"exec": [
									""
								],
								"type": "text/javascript"
							}
						}
					],
					"request": {
						"method": "PUT",
						"header": [
							{
								"key": "x-auth-token",
								"value": "{{x-auth-token}}",
								"type": "text"
							}
						],
						"body": {
							"mode": "raw",
							"raw": "{\r\n    \"currentPassword\": \"123\",\r\n    \"password\": \"12345678\"\r\n}",
							"options": {
								"raw": {
									"language": "json"
								}
							}
						},
						"url": {
							"raw": "{{local}}/user/reset-password",
							"host": [
								"{{local}}"
							],
							"path": [
								"user",
								"reset-password"
							]
						}
					},
					"response": []
				},
				{
					"name": "update-profile",
					"event": [
						{
							"listen": "test",
							"script": {
								"exec": [
									""
								],
								"type": "text/javascript"
							}
						}
					],
					"request": {
						"method": "PUT",
						"header": [
							{
								"key": "x-auth-token",
								"value": "{{x-auth-token}}",
								"type": "text"
							}
						],
						"body": {
							"mode": "raw",
							"raw": "{\r\n    \"email\": \"monolitic.admin@yopmail.com\",\r\n    \"firstName\": \"monolitic\",\r\n    \"lastName\": \"admin\",\r\n    \"mobile\": \"2222222222\"\r\n}",
							"options": {
								"raw": {
									"language": "json"
								}
							}
						},
						"url": {
							"raw": "{{local}}/user/update-profile",
							"host": [
								"{{local}}"
							],
							"path": [
								"user",
								"update-profile"
							]
						}
					},
					"response": []
				},
				{
					"name": "toggle-active-status",
					"event": [
						{
							"listen": "test",
							"script": {
								"exec": [
									""
								],
								"type": "text/javascript"
							}
						}
					],
					"request": {
						"method": "PATCH",
						"header": [
							{
								"key": "x-auth-token",
								"value": "{{x-auth-token-admin}}",
								"type": "text"
							}
						],
						"body": {
							"mode": "raw",
							"raw": "",
							"options": {
								"raw": {
									"language": "json"
								}
							}
						},
						"url": {
							"raw": "{{local}}/user/:_id",
							"host": [
								"{{local}}"
							],
							"path": [
								"user",
								":_id"
							],
							"variable": [
								{
									"key": "_id",
									"value": "111111111111111111111111"
								}
							]
						}
					},
					"response": []
				}
			]
		}
	],
	"event": [
		{
			"listen": "prerequest",
			"script": {
				"type": "text/javascript",
				"exec": [
					""
				]
			}
		},
		{
			"listen": "test",
			"script": {
				"type": "text/javascript",
				"exec": [
					""
				]
			}
		}
	],
	"variable": [
		{
			"key": "live",
			"value": "",
			"type": "string"
		},
		{
			"key": "ngrok",
			"value": "",
			"type": "string"
		},
		{
			"key": "local",
			"value": "",
			"type": "string"
		}
	]
}